Strike Prices,Call Prices,Put Prices
54.848960876464844,49.30244658767451,160.98662098092004
54.948960876464845,49.39681649965,160.98099089289553
55.04896087646485,49.49119188959886,160.97536628284442
55.14896087646485,49.58557274337842,160.96974713662397
55.24896087646485,49.67995904690682,160.96413344015235
55.34896087646485,49.774350786162636,160.95852517940818
55.44896087646485,49.868747947184545,160.95292234043006
55.548960876464854,49.96315051607092,160.94732490931645
55.648960876464855,50.0575584789795,160.941732872225
55.74896087646486,50.15197182212703,160.93614621537256
55.84896087646486,50.246390531788904,160.93056492503445
55.94896087646486,50.34081459429881,160.92498898754434
56.04896087646486,50.43524399604839,160.91941838929392
56.14896087646486,50.529678723486875,160.9138531167324
56.248960876464864,50.62411876312078,160.9082931563663
56.348960876464865,50.71856410151353,160.90273849475903
56.44896087646487,50.81301472528513,160.89718911853063
56.54896087646487,50.90747062111185,160.89164501435735
56.64896087646487,51.001931775725836,160.88610616897134
56.74896087646487,51.09639817591489,160.8805725691604
56.84896087646487,51.190869808521995,160.8750442017675
56.948960876464874,51.28534666044513,160.86952105369065
57.048960876464875,51.37982871863685,160.86400311188237
57.148960876464876,51.47431597010401,160.85849036334952
57.24896087646488,51.56880840190744,160.85298279515294
57.34896087646488,51.66330600116164,160.84748039440714
57.44896087646488,51.75780875503443,160.84198314827992
57.54896087646488,51.85231665074669,160.83649104399217
57.64896087646488,51.94682967557201,160.83100406881752
57.748960876464885,52.041347816836435,160.8255222100819
57.848960876464886,52.13587106191808,160.82004545516355
57.94896087646489,52.2303993982469,160.8145737914924
58.04896087646489,52.32493281330439,160.80910720654987
58.14896087646489,52.41947129462322,160.80364568786874
58.24896087646489,52.51401482978702,160.79818922303252
58.34896087646489,52.608563406430044,160.79273779967556
58.448960876464895,52.703117012236895,160.7872914054824
58.548960876464896,52.79767563494222,160.78185002818773
58.6489608764649,52.89223926233045,160.77641365557594
58.7489608764649,52.986807882235496,160.77098227548097
58.8489608764649,53.08138148254045,160.76555587578594
58.9489608764649,53.175960051177384,160.76013444442285
59.0489608764649,53.27054357612697,160.75471796937245
59.148960876464905,53.36513204541826,160.74930643866372
59.248960876464906,53.459725447128406,160.7438998403739
59.34896087646491,53.55432376938239,160.73849816262788
59.44896087646491,53.64892700035276,160.73310139359825
59.54896087646491,53.743535128259325,160.7277095215048
59.64896087646491,53.83814814136896,160.72232253461445
59.74896087646491,53.93276602799526,160.71694042124074
59.848960876464915,54.027388776498306,160.71156316974378
59.948960876464916,54.12201637528448,160.70619076852998
60.04896087646492,54.216648812806085,160.70082320605155
60.14896087646492,54.31128607756117,160.69546047080664
60.24896087646492,54.40592815809326,160.69010255133873
60.34896087646492,54.50057504299105,160.6847494362365
60.44896087646492,54.59522672088827,160.67940111413373
60.548960876464925,54.68988318046333,160.67405757370878
60.648960876464926,54.784544410439096,160.66871880368456
60.74896087646493,54.87921039958269,160.66338479282814
60.84896087646493,54.97388113670518,160.65805552995062
60.94896087646493,55.06855661066139,160.65273100390687
61.04896087646493,55.163236810349645,160.6474112035951
61.14896087646493,55.25792172471154,160.64209611795698
61.248960876464935,55.352611342731656,160.63678573597713
61.348960876464936,55.44730565343739,160.63148004668287
61.44896087646494,55.5420046458987,160.62617903914412
61.54896087646494,55.63670830922783,160.62088270247327
61.64896087646494,55.731416632579126,160.61559102582459
61.74896087646494,55.82612960514885,160.6103039983943
61.84896087646494,55.92084721617483,160.60502160942028
61.948960876464945,56.015569454936326,160.59974384818176
62.048960876464946,56.11029631075381,160.59447070399926
62.14896087646495,56.205027772988686,160.58920216623412
62.24896087646495,56.29976383104312,160.58393822428857
62.34896087646495,56.394504474359806,160.57867886760525
62.44896087646495,56.489249692421716,160.57342408566714
62.54896087646495,56.583999474751955,160.5681738679974
62.648960876464955,56.67875381091346,160.5629282041589
62.748960876464956,56.77351269050885,160.55768708375427
62.84896087646496,56.86827610318022,160.55245049642565
62.94896087646496,56.96304403860887,160.5472184318543
63.04896087646496,57.05781648651514,160.5419908797606
63.14896087646496,57.1525934366582,160.5367678299036
63.24896087646496,57.247374878835835,160.53154927208126
63.348960876464965,57.34216080288424,160.52633519612965
63.448960876464966,57.43695119867784,160.52112559192324
63.54896087646497,57.53174605612904,160.51592044937445
63.64896087646497,57.62654536518807,160.5107197584335
63.74896087646497,57.72134911584277,160.5055235090882
63.84896087646497,57.81615729811839,160.5003316913638
63.94896087646497,57.91096990207739,160.4951442953228
64.04896087646497,58.00578691781926,160.48996131106466
64.14896087646497,58.10060833548029,160.4847827287257
64.24896087646498,58.19543414523345,160.47960853847886
64.34896087646499,58.29026433728812,160.47443873053354
64.44896087646498,58.385098901889926,160.46927329513534
64.54896087646497,58.479937829320576,160.46411222256597
64.64896087646498,58.57478110989767,160.45895550314307
64.74896087646499,58.66962873397448,160.45380312721986
64.84896087646499,58.764480691939745,160.44865508518515
64.94896087646498,58.859336974217605,160.443511367463
65.04896087646499,58.954197571267315,160.4383719645127
65.148960876465,59.04906247358304,160.43323686682842
65.24896087646499,59.143931671693785,160.42810606493916
65.34896087646499,59.23880515616312,160.42297954940852
65.448960876465,59.33368291758907,160.41785731083448
65.548960876465,59.42856494660388,160.41273933984925
65.648960876465,59.52345123387386,160.40762562711924
65.74896087646499,59.61834177009924,160.40251616334464
65.848960876465,59.71323654601398,160.39741093925937
65.94896087646501,59.80813555238558,160.39230994563096
66.048960876465,59.9030387800149,160.38721317326028
66.148960876465,59.99794621973606,160.38212061298142
66.248960876465,60.092857862416196,160.3770322556616
66.34896087646501,60.187773698955326,160.37194809220068
66.44896087646501,60.28269372028615,160.36686811353152
66.548960876465,60.37761791737398,160.36179231061934
66.64896087646501,60.47254628121646,160.35672067446183
66.74896087646502,60.567478802843475,160.35165319608882
66.84896087646501,60.662415473316926,160.34658986656228
66.94896087646501,60.75735628373066,160.34153067697602
67.04896087646502,60.85230122521026,160.33647561845564
67.14896087646503,60.94725028891285,160.3314246821582
67.24896087646502,61.042203466026976,160.32637785927233
67.34896087646501,61.137160747772484,160.32133514101784
67.44896087646502,61.23212212540031,160.3162965186457
67.54896087646503,61.327087590192335,160.3112619834377
67.64896087646503,61.42205713346123,160.30623152670657
67.74896087646502,61.51703074655032,160.30120513979566
67.84896087646503,61.61200842083344,160.2961828140788
67.94896087646504,61.706990147714784,160.29116454096012
68.04896087646503,61.801975918628656,160.28615031187402
68.14896087646503,61.896965725039486,160.28114011828484
68.24896087646503,61.99195955844159,160.27613395168694
68.34896087646504,62.08695741035901,160.2711318036044
68.44896087646504,62.18195927234539,160.26613366559073
68.54896087646503,62.27696513598383,160.26113952922918
68.64896087646504,62.371974992886805,160.25614938613217
68.74896087646505,62.466988834695854,160.2511632279412
68.84896087646504,62.562006653081625,160.24618104632697
68.94896087646504,62.65702843974366,160.241202832989
69.04896087646505,62.752054186410184,160.23622857965552
69.14896087646505,62.847083884838064,160.2312582780834
69.24896087646505,62.94211752681263,160.22629192005797
69.34896087646504,63.03715510414756,160.2213294973929
69.44896087646505,63.132196608684694,160.21637100193
69.54896087646506,63.227242032293944,160.21141642553926
69.64896087646505,63.322291366873145,160.20646576011848
69.74896087646505,63.41734460434791,160.20151899759324
69.84896087646506,63.512401736671514,160.19657612991685
69.94896087646507,63.607462755824734,160.19163714907006
70.04896087646506,63.70252765381574,160.18670204706106
70.14896087646505,63.79759642267997,160.18177081592532
70.24896087646506,63.892669054479995,160.1768434477253
70.34896087646507,63.987745541305365,160.17191993455066
70.44896087646507,64.08282587527245,160.1670002685178
70.54896087646506,64.17791004852448,160.1620844417698
70.64896087646507,64.27299805323116,160.1571724464765
70.74896087646508,64.36808988158879,160.15226427483412
70.84896087646507,64.46318552581995,160.14735991906528
70.94896087646507,64.5582849781735,160.14245937141882
71.04896087646507,64.65338823092442,160.13756262416973
71.14896087646508,64.74849527637363,160.1326696696189
71.24896087646508,64.8436061068479,160.12778050009322
71.34896087646507,64.93872071469984,160.12289510794514
71.44896087646508,65.0338390923076,160.11801348555292
71.54896087646509,65.12896123207486,160.11313562532015
71.64896087646508,65.22408712643063,160.10826151967592
71.74896087646508,65.31921676782925,160.10339116107454
71.84896087646509,65.41435014875017,160.09852454199546
71.9489608764651,65.5094872616979,160.0936616549432
72.04896087646509,65.60462809920178,160.08880249244706
72.14896087646508,65.699772653816,160.08394704706132
72.24896087646509,65.79492091811946,160.07909531136474
72.3489608764651,65.89007288471554,160.0742472779608
72.4489608764651,65.98522854623212,160.0694029394774
72.54896087646509,66.08038789532141,160.0645622885667
72.6489608764651,66.17555092465983,160.0597253179051
72.7489608764651,66.27071762694793,160.0548920201932
72.8489608764651,66.36588799491021,160.0500623881555
72.9489608764651,66.4610620212951,160.0452364145404
73.0489608764651,66.55623969887485,160.04041409212013
73.14896087646511,66.65142102044528,160.03559541369054
73.2489608764651,66.74660597882583,160.0307803720711
73.3489608764651,66.84179456685936,160.02596896010465
73.44896087646511,66.93698677741212,160.0211611706574
73.54896087646512,67.03218260337358,160.01635699661884
73.64896087646511,67.1273820376563,160.01155643090158
73.7489608764651,67.2225850731959,160.00675946644117
73.84896087646511,67.31779170295094,160.0019660961962
73.94896087646512,67.41300191990275,159.99717631314803
74.04896087646512,67.50821571705542,159.9923901103007
74.14896087646511,67.60343308743559,159.9876074806809
74.24896087646512,67.69865402409249,159.98282841733774
74.34896087646513,67.79387852009768,159.97805291334294
74.44896087646512,67.88910656854502,159.9732809617903
74.54896087646512,67.98433816255064,159.9685125557959
74.64896087646513,68.07957329525273,159.96374768849796
74.74896087646513,68.17481195981148,159.95898635305673
74.84896087646513,68.27005414940899,159.95422854265425
74.94896087646512,68.36529985724917,159.94947425049443
75.04896087646513,68.46054907655763,159.9447234698029
75.14896087646514,68.55580180058162,159.93997619382685
75.24896087646513,68.65105802258982,159.93523241583506
75.34896087646513,68.74631773587245,159.9304921291177
75.44896087646514,68.84158093374096,159.9257553269862
75.54896087646515,68.93684760952806,159.92102200277327
75.64896087646514,69.03211775658757,159.91629214983283
75.74896087646513,69.12739136829438,159.91156576153963
75.84896087646514,69.22266843804432,159.90684283128957
75.94896087646515,69.31794895925405,159.9021233524993
76.04896087646515,69.41323292536099,159.89740731860624
76.14896087646514,69.50852032982326,159.8926947230685
76.24896087646515,69.60381116611956,159.88798555936478
76.34896087646516,69.69910542774898,159.8832798209942
76.44896087646515,69.79440310823112,159.87857750147637
76.54896087646515,69.88970420110586,159.8738785943511
76.64896087646515,69.98500869993326,159.8691830931785
76.74896087646516,70.08031659829354,159.86449099153873
76.84896087646516,70.1756278897869,159.85980228303214
76.94896087646515,70.27094256803359,159.8551169612788
77.04896087646516,70.36626062667365,159.85043501991888
77.14896087646517,70.46158205936692,159.84575645261216
77.24896087646516,70.55690685979295,159.84108125303817
77.34896087646516,70.65223502165085,159.83640941489608
77.44896087646516,70.7475665386593,159.83174093190453
77.54896087646517,70.84290140455639,159.8270757978016
77.64896087646517,70.93823961309953,159.82241400634476
77.74896087646516,71.03358115806546,159.8177555513107
77.84896087646517,71.1289260332501,159.8131004264953
77.94896087646518,71.2242742324684,159.8084486257136
78.04896087646517,71.31962574955439,159.8038001427996
78.14896087646517,71.41498057836101,159.79915497160624
78.24896087646518,71.51033871276009,159.79451310600533
78.34896087646518,71.60570014664219,159.7898745398874
78.44896087646518,71.70106487391658,159.78523926716178
78.54896087646517,71.79643288851115,159.78060728175635
78.64896087646518,71.89180418437233,159.7759785776175
78.74896087646519,71.98717875546497,159.77135314871018
78.84896087646518,72.0825565957723,159.7667309890175
78.94896087646518,72.17793769929591,159.76211209254112
79.04896087646519,72.27332206005553,159.75749645330072
79.1489608764652,72.36870967208907,159.75288406533429
79.24896087646519,72.46410052945248,159.7482749226977
79.34896087646518,72.55949462621972,159.74366901946493
79.4489608764652,72.65489195648264,159.73906634972786
79.5489608764652,72.75029251435097,159.73446690759616
79.6489608764652,72.84569629395212,159.72987068719732
79.74896087646519,72.94110328943124,159.72527768267645
79.8489608764652,73.03651349495111,159.7206878881963
79.94896087646521,73.13192690469198,159.71610129793717
80.0489608764652,73.22734351285159,159.7115179060968
80.1489608764652,73.32276331364508,159.70693770689027
80.2489608764652,73.4181863013049,159.7023606945501
80.34896087646521,73.51361247008074,159.69778686332592
80.44896087646521,73.60904181423945,159.69321620748462
80.5489608764652,73.70447432806498,159.68864872131013
80.64896087646521,73.79991000585831,159.68408439910348
80.74896087646522,73.89534884193739,159.67952323518253
80.84896087646521,73.99079083063702,159.6749652238822
80.94896087646521,74.08623596630883,159.670410359554
81.04896087646522,74.18168424332124,159.66585863656644
81.14896087646522,74.27713565605926,159.6613100493044
81.24896087646522,74.37259019892456,159.65676459216974
81.34896087646521,74.46804786633533,159.6522222595805
81.44896087646522,74.56350865272623,159.64768304597138
81.54896087646523,74.65897255254833,159.6431469457935
81.64896087646522,74.754439560269,159.63861395351415
81.74896087646522,74.84990967037191,159.63408406361708
81.84896087646523,74.94538287735695,159.6295572706021
81.94896087646524,75.04085917574005,159.62503356898523
82.04896087646523,75.13633856005329,159.62051295329843
82.14896087646522,75.23182102484469,159.61599541808985
82.24896087646523,75.32730656467825,159.61148095792342
82.34896087646524,75.42279517413385,159.606969567379
82.44896087646524,75.51828684780708,159.60246124105223
82.54896087646523,75.61378158030935,159.59795597355452
82.64896087646524,75.70927936626774,159.5934537595129
82.74896087646525,75.80478020032491,159.58895459357007
82.84896087646524,75.90028407713909,159.58445847038422
82.94896087646524,75.99579099138394,159.5799653846291
83.04896087646524,76.09130093774863,159.57547533099378
83.14896087646525,76.18681391093764,159.57098830418275
83.24896087646525,76.28232990567068,159.56650429891582
83.34896087646524,76.37784891668284,159.56202330992795
83.44896087646525,76.47337093872424,159.55754533196938
83.54896087646526,76.5688959665602,159.5530703598053
83.64896087646525,76.66442399497103,159.54859838821616
83.74896087646525,76.75995501875207,159.5441294119972
83.84896087646526,76.8554890327136,159.5396634259587
83.94896087646526,76.95102603168073,159.53520042492582
84.04896087646526,77.04656601049336,159.5307404037385
84.14896087646525,77.1421089640062,159.52628335725132
84.24896087646526,77.23765488708864,159.52182928033378
84.34896087646527,77.33320377462465,159.51737816786977
84.44896087646526,77.42875562151282,159.51293001475793
84.54896087646526,77.52431042266622,159.50848481591134
84.64896087646527,77.61986817301245,159.50404256625757
84.74896087646528,77.71542886749342,159.49960326073852
84.84896087646527,77.81099250106537,159.4951668943105
84.94896087646526,77.90655906869897,159.49073346194407
85.04896087646527,78.00212856537897,159.4863029586241
85.14896087646528,78.09770098610434,159.48187537934945
85.24896087646528,78.19327632588818,159.4774507191333
85.34896087646527,78.28885457975763,159.47302897300273
85.44896087646528,78.38443574275385,159.46861013599894
85.54896087646529,78.48001980993195,159.46419420317704
85.64896087646528,78.5756067763609,159.45978116960598
85.74896087646528,78.67119663712353,159.4553710303686
85.84896087646528,78.76678938731649,159.45096378056158
85.94896087646529,78.86238502205013,159.4465594152952
86.04896087646529,78.95798353644844,159.44215792969354
86.14896087646528,79.0535849256491,159.4377593188942
86.24896087646529,79.14918918480335,159.43336357804841
86.3489608764653,79.24479630907587,159.42897070232092
86.44896087646529,79.34040629364488,159.42458068688998
86.54896087646529,79.43601913370199,159.4201935269471
86.6489608764653,79.53163482445218,159.41580921769727
86.7489608764653,79.62725336111374,159.4114277543588
86.8489608764653,79.72287473891816,159.40704913216328
86.94896087646529,79.81849895311021,159.4026733463553
87.0489608764653,79.91412599894778,159.39830039219285
87.14896087646531,80.00975587170183,159.3939302649469
87.2489608764653,80.10538856665642,159.38956295990147
87.3489608764653,80.20102407910858,159.38519847235366
87.4489608764653,80.29666240436832,159.3808367976134
87.54896087646532,80.39230353775851,159.37647793100356
87.64896087646531,80.48794747461488,159.37212186785996
87.7489608764653,80.58359421028601,159.36776860353112
87.84896087646531,80.67924374013317,159.36341813337825
87.94896087646532,80.77489605953036,159.35907045277546
88.04896087646532,80.87055116386422,159.35472555710928
88.14896087646531,80.96620904853401,159.3503834417791
88.24896087646532,81.06186970895155,159.34604410219663
88.34896087646533,81.15753314054116,159.34170753378623
88.44896087646532,81.25319933873962,159.33737373198468
88.54896087646532,81.34886829899611,159.3330426922412
88.64896087646532,81.44454001677222,159.32871441001728
88.74896087646533,81.54021448754183,159.3243888807869
88.84896087646533,81.63589170679106,159.32006610003612
88.94896087646532,81.73157167001833,159.3157460632634
89.04896087646533,81.82725437273419,159.31142876597926
89.14896087646534,81.9229398104613,159.30711420370633
89.24896087646533,82.01862797873449,159.30280237197954
89.34896087646533,82.11431887310052,159.2984932663456
89.44896087646534,82.21001248911827,159.29418688236333
89.54896087646534,82.3057088223585,159.28988321560354
89.64896087646534,82.40140786840384,159.2855822616489
89.74896087646533,82.49710962284885,159.2812840160939
89.84896087646534,82.5928140812999,159.27698847454496
89.94896087646535,82.68852123937509,159.27269563262016
90.04896087646534,82.78423109270427,159.2684054859493
90.14896087646534,82.87994363692899,159.26411803017402
90.24896087646535,82.9756588677024,159.25983326094746
90.34896087646536,83.07137678068932,159.25555117393435
90.44896087646535,83.16709737156602,159.25127176481104
90.54896087646534,83.26282063602034,159.24699502926538
90.64896087646535,83.3585465697516,159.24272096299666
90.74896087646536,83.45427516847053,159.23844956171556
90.84896087646536,83.5500064278992,159.23418082114424
90.94896087646535,83.6457403437711,159.22991473701612
91.04896087646536,83.74147691183093,159.22565130507596
91.14896087646537,83.83721612783472,159.22139052107974
91.24896087646536,83.93295798754967,159.21713238079468
91.34896087646536,84.02870248675416,159.2128768799992
91.44896087646536,84.12444962123772,159.20862401448275
91.54896087646537,84.22019938680094,159.20437378004596
91.64896087646537,84.31595177925546,159.2001261725005
91.74896087646536,84.41170679442398,159.19588118766902
91.84896087646537,84.5074644281401,159.1916388213851
91.94896087646538,84.60322467624837,159.18739906949338
92.04896087646537,84.69898753460426,159.18316192784926
92.14896087646537,84.79475299907402,159.17892739231903
92.24896087646538,84.89052106553477,159.1746954587798
92.34896087646538,84.98629172987441,159.1704661231194
92.44896087646538,85.08206498799147,159.16623938123647
92.54896087646537,85.17784083579525,159.16201522904026
92.64896087646538,85.27361926920571,159.1577936624507
92.74896087646539,85.36940028415337,159.15357467739835
92.84896087646538,85.46518387657935,159.14935826982435
92.94896087646538,85.5609700424353,159.14514443568032
93.04896087646539,85.6567587776834,159.14093317092838
93.1489608764654,85.75255007829618,159.13672447154116
93.24896087646539,85.8483439402567,159.1325183335017
93.34896087646538,85.94414035955838,159.12831475280336
93.44896087646539,86.03993933220497,159.12411372544994
93.5489608764654,86.1357408542105,159.11991524745548
93.6489608764654,86.2315449215993,159.11571931484428
93.74896087646539,86.32735153040593,159.11152592365096
93.8489608764654,86.42316067667518,159.10733506992017
93.9489608764654,86.51897235646194,159.10314674970692
94.0489608764654,86.61478656583122,159.09896095907618
94.1489608764654,86.71060330085817,159.09477769410316
94.2489608764654,86.80642255762795,159.09059695087294
94.34896087646541,86.90224433223577,159.0864187254807
94.4489608764654,86.99806862078675,159.08224301403172
94.5489608764654,87.09389541939603,159.07806981264102
94.64896087646541,87.18972472418862,159.0738991174336
94.74896087646542,87.2855565312994,159.06973092454436
94.84896087646541,87.38139083687308,159.06556523011807
94.9489608764654,87.47722763706419,159.06140203030918
95.04896087646542,87.57306692803704,159.057241321282
95.14896087646542,87.6689087059656,159.05308309921057
95.24896087646542,87.7647529670336,159.04892736027858
95.34896087646541,87.86059970743443,159.0447741006794
95.44896087646542,87.95644892337113,159.0406233166161
95.54896087646543,88.05230061105624,159.0364750043012
95.64896087646542,88.14815476671194,159.0323291599569
95.74896087646542,88.24401138656992,159.0281857798149
95.84896087646543,88.33987046687137,159.02404486011633
95.94896087646543,88.43573200386693,159.01990639711187
96.04896087646543,88.53159599381662,159.0157703870616
96.14896087646542,88.62746243298996,159.0116368262349
96.24896087646543,88.72333131766571,159.00750571091066
96.34896087646544,88.81920264413206,159.00337703737702
96.44896087646543,88.91507640868642,158.9992508019314
96.54896087646543,89.01095260763547,158.99512700088042
96.64896087646544,89.1068312372952,158.99100563054014
96.74896087646545,89.20271229399066,158.9868866872356
96.84896087646544,89.29859577405618,158.98277016730114
96.94896087646543,89.39448167383519,158.97865606708012
97.04896087646544,89.49036998968018,158.9745443829251
97.14896087646545,89.58626071795275,158.9704351111977
97.24896087646545,89.68215385502353,158.9663282482685
97.34896087646544,89.77804939727216,158.9622237905171
97.44896087646545,89.87394734108724,158.95812173433217
97.54896087646546,89.96984768286633,158.95402207611124
97.64896087646545,90.06575041901588,158.94992481226083
97.74896087646545,90.16165554595125,158.9458299391962
97.84896087646545,90.25756306009663,158.94173745334155
97.94896087646546,90.35347295788502,158.93764735112995
98.04896087646546,90.44938523575824,158.93355962900318
98.14896087646545,90.54529989016687,158.9294742834118
98.24896087646546,90.64121691757019,158.9253913108151
98.34896087646547,90.7371363144362,158.92131070768113
98.44896087646546,90.83305807724155,158.91723247048648
98.54896087646546,90.92898220247154,158.91315659571646
98.64896087646547,91.02490868662011,158.909083079865
98.74896087646547,91.12083752618975,158.90501191943463
98.84896087646547,91.21676871769145,158.90094311093637
98.94896087646546,91.31270225764483,158.89687665088974
99.04896087646547,91.40863814257791,158.89281253582283
99.14896087646548,91.50457636902726,158.88875076227217
99.24896087646547,91.60051693353779,158.8846913267827
99.34896087646547,91.69645983266285,158.88063422590776
99.44896087646548,91.79240506296424,158.87657945620916
99.54896087646549,91.88835262101199,158.8725270142569
99.64896087646548,91.98430250338453,158.86847689662943
99.74896087646547,92.08025470666855,158.86442909991345
99.84896087646548,92.17620922745903,158.8603836207039
99.94896087646549,92.27216606235915,158.85634045560403
100.04896087646549,92.36812520798031,158.8522996012252
100.14896087646548,92.46408666094209,158.848261054187
100.24896087646549,92.56005041787228,158.8442248111172
100.3489608764655,92.6560164754067,158.84019086865158
100.44896087646549,92.75198483018931,158.8361592234342
100.54896087646549,92.84795547887215,158.83212987211706
100.6489608764655,92.94392841811532,158.82810281136022
100.7489608764655,93.03990364458689,158.82407803783178
100.8489608764655,93.1358811549629,158.82005554820776
100.94896087646549,93.23186094592744,158.81603533917232
101.0489608764655,93.32784301417247,158.81201740741736
101.14896087646551,93.42382735639794,158.80800174964278
101.2489608764655,93.51981396931149,158.8039883625564
101.3489608764655,93.61580284962885,158.79997724287372
101.4489608764655,93.71179399407343,158.79596838731834
101.54896087646551,93.80778739937654,158.79196179262138
101.64896087646551,93.90378306227714,158.78795745552202
101.7489608764655,93.99978097952206,158.78395537276694
101.84896087646551,94.09578114786582,158.7799555411107
101.94896087646552,94.19178356407063,158.7759579573155
102.04896087646551,94.28778822490636,158.77196261815124
102.14896087646551,94.38379512715058,158.76796952039547
102.24896087646552,94.47980426758846,158.76397866083332
102.34896087646553,94.57581564301273,158.7599900362576
102.44896087646552,94.67182925022374,158.7560036434686
102.54896087646551,94.76784508602935,158.75201947927422
102.64896087646552,94.86386314724501,158.74803754048986
102.74896087646553,94.95988343069362,158.74405782393848
102.84896087646553,95.05590593320552,158.7400803264504
102.94896087646552,95.15193065161858,158.73610504486345
103.04896087646553,95.24795758277806,158.7321319760229
103.14896087646554,95.34398672353656,158.72816111678142
103.24896087646553,95.44001807075418,158.72419246399903
103.34896087646553,95.53605162129824,158.72022601454313
103.44896087646553,95.63208737204353,158.71626176528838
103.54896087646554,95.72812531987202,158.71229971311683
103.64896087646554,95.82416546167298,158.70833985491782
103.74896087646553,95.92020779434299,158.70438218758787
103.84896087646554,96.01625231478586,158.7004267080307
103.94896087646555,96.11229901991257,158.6964734131574
104.04896087646554,96.20834790664125,158.6925222998861
104.14896087646554,96.3043989718973,158.68857336514213
104.24896087646555,96.40045221261319,158.684626605858
104.34896087646555,96.49650762572848,158.6806820189733
104.44896087646555,96.5925652081899,158.67673960143472
104.54896087646554,96.6886249569512,158.67279935019602
104.64896087646555,96.78468686897315,158.668861262218
104.74896087646556,96.88075094122365,158.66492533446848
104.84896087646555,96.97681717067745,158.6609915639223
104.94896087646555,97.0728855543164,158.65705994756124
105.04896087646556,97.16895608912928,158.6531304823741
105.14896087646557,97.26502877211175,158.64920316535654
105.24896087646556,97.3611036002664,158.64527799351123
105.34896087646555,97.4571805706028,158.64135496384765
105.44896087646556,97.55325968013727,158.63743407338208
105.54896087646557,97.64934092589301,158.63351531913784
105.64896087646557,97.74542430490006,158.62959869814486
105.74896087646556,97.84150981419525,158.6256842074401
105.84896087646557,97.93759745082222,158.621771844067
105.94896087646558,98.0336872118313,158.61786160507611
106.04896087646557,98.1297790942796,158.6139534875244
106.14896087646557,98.22587309523097,158.61004748847574
106.24896087646557,98.32196921175587,158.60614360500068
106.34896087646558,98.41806744093154,158.6022418341763
106.44896087646558,98.51416777984174,158.59834217308654
106.54896087646557,98.61027022557698,158.5944446188218
106.64896087646558,98.70637477523435,158.59054916847913
106.74896087646559,98.80248142591746,158.58665581916225
106.84896087646558,98.89859017473655,158.58276456798134
106.94896087646558,98.99470101880837,158.57887541205318
107.04896087646559,99.09081395525625,158.57498834850105
107.1489608764656,99.18692898120996,158.57110337445476
107.24896087646559,99.28304609380578,158.56722048705055
107.34896087646558,99.37916529018642,158.56333968343122
107.44896087646559,99.47528656750113,158.55946096074592
107.5489608764656,99.57140992290547,158.55558431615026
107.6489608764656,99.66753535356143,158.5517097468062
107.74896087646559,99.76366285663742,158.5478372498822
107.8489608764656,99.85979242930821,158.543966822553
107.9489608764656,99.95592406875488,158.54009846199966
108.0489608764656,100.05205777216483,158.5362321654096
108.1489608764656,100.14819353673174,158.53236792997654
108.2489608764656,100.24433135965566,158.52850575290046
108.34896087646561,100.34047123814284,158.5246456313876
108.4489608764656,100.43661316940577,158.52078756265055
108.5489608764656,100.53275715066317,158.51693154390796
108.64896087646561,100.62890317913997,158.51307757238476
108.74896087646562,100.72505125206729,158.50922564531206
108.84896087646561,100.82120136668237,158.50537575992715
108.9489608764656,100.91735352022869,158.50152791347344
109.04896087646561,101.01350770995576,158.49768210320053
109.14896087646562,101.10966393311925,158.493838326364
109.24896087646562,101.20582218698087,158.48999658022566
109.34896087646561,101.30198246880849,158.48615686205326
109.44896087646562,101.39814477587593,158.4823191691207
109.54896087646563,101.49430910546316,158.4784834987079
109.64896087646562,101.59047545485599,158.47464984810074
109.74896087646562,101.6866438213464,158.47081821459116
109.84896087646563,101.78281420223225,158.466988595477
109.94896087646563,101.87898659481736,158.4631609880621
110.04896087646563,101.97516099641153,158.4593353896563
110.14896087646562,102.07133740433048,158.45551179757524
110.24896087646563,102.16751581589578,158.45169020914054
110.34896087646564,102.26369622843495,158.4478706216797
110.44896087646563,102.35987863928133,158.44405303252609
110.54896087646563,102.4560630457741,158.44023743901883
110.64896087646564,102.55224944525834,158.4364238385031
110.74896087646565,102.64843783508488,158.43261222832962
110.84896087646564,102.74462821261034,158.4288026058551
110.94896087646563,102.84082057519718,158.42499496844192
111.04896087646564,102.93701492021357,158.4211893134583
111.14896087646565,103.03321124503341,158.41738563827815
111.24896087646565,103.12940954703636,158.41358394028111
111.34896087646564,103.22560982360778,158.40978421685253
111.44896087646565,103.32181207213873,158.40598646538348
111.54896087646566,103.41801629002588,158.4021906832706
111.64896087646565,103.51422247467163,158.39839686791638
111.74896087646565,103.61043062348398,158.3946050167287
111.84896087646565,103.70664073387658,158.39081512712133
111.94896087646566,103.80285280326865,158.38702719651337
112.04896087646566,103.89906682908502,158.38324122232976
112.14896087646565,103.99528280875604,158.37945720200076
112.24896087646566,104.09150073971772,158.37567513296244
112.34896087646567,104.1877206194115,158.37189501265624
112.44896087646566,104.28394244528437,158.36811683852906
112.54896087646566,104.38016621478883,158.36434060803356
112.64896087646567,104.47639192538293,158.36056631862766
112.74896087646567,104.57261957453007,158.35679396777476
112.84896087646567,104.66884915969916,158.35302355294388
112.94896087646566,104.76508067836457,158.3492550716093
113.04896087646567,104.86131412800607,158.3454885212508
113.14896087646568,104.95754950610882,158.34172389935352
113.24896087646567,105.05378681016337,158.3379612034081
113.34896087646567,105.1500260376657,158.33420043091039
113.44896087646568,105.24626718611707,158.33044157936175
113.54896087646569,105.34251025302409,158.3266846462688
113.64896087646568,105.43875523589874,158.32292962914343
113.74896087646567,105.53500213225826,158.31917652550294
113.84896087646568,105.63125093962522,158.31542533286992
113.94896087646569,105.72750165552745,158.31167604877214
114.04896087646569,105.82375427749801,158.30792867074274
114.14896087646568,105.92000880307528,158.30418319632
114.24896087646569,106.0162652298028,158.30043962304748
114.3489608764657,106.11252355522936,158.29669794847405
114.44896087646569,106.2087837769089,158.29295817015358
114.54896087646569,106.30504589240061,158.2892202856453
114.6489608764657,106.40130989926881,158.2854842925135
114.7489608764657,106.497575795083,158.2817501883277
114.8489608764657,106.59384357741774,158.27801797066243
114.94896087646569,106.69011324385282,158.2742876370975
115.0489608764657,106.78638479197306,158.27055918521776
115.14896087646571,106.88265821936844,158.26683261261314
115.2489608764657,106.97893352363388,158.26310791687857
115.3489608764657,107.07521070236953,158.25938509561422
115.4489608764657,107.17148975318051,158.25566414642518
115.54896087646571,107.26777067367694,158.25194506692162
115.64896087646571,107.36405346147399,158.24822785471866
115.7489608764657,107.46033811419184,158.2445125074365
115.84896087646571,107.55662462945567,158.24079902270034
115.94896087646572,107.6529130048956,158.23708739814026
116.04896087646571,107.7492032381467,158.2333776313914
116.14896087646571,107.84549532684905,158.22966972009374
116.24896087646572,107.94178926864758,158.22596366189225
116.34896087646572,108.03808506119218,158.22225945443685
116.44896087646572,108.13438270213763,158.2185570953823
116.54896087646571,108.2306821891436,158.21485658238825
116.64896087646572,108.32698351987464,158.2111579131193
116.74896087646573,108.42328669200013,158.20746108524477
116.84896087646572,108.51959170319431,158.20376609643895
116.94896087646572,108.61589855113627,158.20007294438093
117.04896087646573,108.71220723350989,158.19638162675454
117.14896087646574,108.80851774800385,158.1926921412485
117.24896087646573,108.90483009231164,158.1890044855563
117.34896087646572,109.00114426413151,158.18531865737617
117.44896087646573,109.09746026116647,158.18163465441114
117.54896087646574,109.1937780811243,158.17795247436894
117.64896087646574,109.29009772171743,158.1742721149621
117.74896087646573,109.38641918066313,158.17059357390778
117.84896087646574,109.48274245568331,158.16691684892794
117.94896087646575,109.57906754450454,158.16324193774918
118.04896087646574,109.67539444485814,158.15956883810276
118.14896087646574,109.77172315448003,158.1558975477247
118.24896087646574,109.86805367111087,158.15222806435554
118.34896087646575,109.96438599249586,158.1485603857405
118.44896087646575,110.06072011638487,158.1448945096295
118.54896087646574,110.15705604053235,158.14123043377703
118.64896087646575,110.25339376269744,158.1375681559421
118.74896087646576,110.34973328064376,158.1339076738884
118.84896087646575,110.44607459213954,158.13024898538418
118.94896087646575,110.54241769495758,158.1265920882022
119.04896087646576,110.63876258687522,158.12293698011982
119.14896087646576,110.73510926567435,158.119283658919
119.24896087646576,110.8314577291413,158.11563212238593
119.34896087646575,110.92780797506704,158.11198236831166
119.44896087646576,111.02416000124694,158.10833439449155
119.54896087646577,111.12051380548087,158.10468819872546
119.64896087646576,111.21686938557315,158.10104377881777
119.74896087646576,111.3132267393326,158.0974011325772
119.84896087646577,111.40958586457249,158.0937602578171
119.94896087646578,111.50594675911047,158.0901211523551
120.04896087646577,111.6023094207686,158.0864838140132
120.14896087646576,111.69867384737344,158.08284824061806
120.24896087646577,111.79504003675586,158.07921443000046
120.34896087646578,111.8914079867511,158.07558237999572
120.44896087646578,111.98777769519884,158.07195208844348
120.54896087646577,112.08414915994305,158.06832355318767
120.64896087646578,112.18052237883211,158.06469677207673
120.74896087646579,112.27689734971868,158.06107174296326
120.84896087646578,112.3732740704597,158.0574484637043
120.94896087646578,112.46965253891653,158.05382693216114
121.04896087646578,112.56603275295478,158.05020714619937
121.1489608764658,112.66241471044428,158.04658910368886
121.24896087646579,112.75879840925919,158.04297280250378
121.34896087646578,112.85518384727794,158.03935824052255
121.44896087646579,112.95157102238319,158.0357454156278
121.5489608764658,113.04795993246181,158.03213432570638
121.6489608764658,113.14435057540491,158.02852496864952
121.74896087646579,113.24074294910784,158.02491734235244
121.8489608764658,113.33713705147015,158.02131144471474
121.9489608764658,113.4335328803955,158.0177072736401
122.0489608764658,113.52993043379182,158.01410482703642
122.1489608764658,113.62632970957117,158.01050410281573
122.2489608764658,113.72273070564972,158.00690509889432
122.34896087646581,113.81913341994789,158.00330781319246
122.4489608764658,113.91553785039012,157.99971224363472
122.5489608764658,114.01194399490502,157.99611838814963
122.64896087646581,114.10835185142531,157.9925262446699
122.74896087646582,114.20476141788778,157.98893581113236
122.84896087646581,114.30117269223332,157.9853470854779
122.9489608764658,114.39758567240692,157.9817600656515
123.04896087646581,114.49400035635757,157.97817474960215
123.14896087646582,114.59041674203841,157.97459113528294
123.24896087646582,114.68683482740647,157.97100922065104
123.34896087646581,114.78325461042296,157.96742900366755
123.44896087646582,114.87967608905304,157.9638504822976
123.54896087646583,114.97609926126584,157.96027365451042
123.64896087646582,115.07252412503456,157.95669851827913
123.74896087646582,115.16895067833634,157.9531250715809
123.84896087646582,115.26537891915233,157.9495533123969
123.94896087646583,115.36180884546755,157.9459832387121
124.04896087646583,115.45824045527111,157.94241484851568
124.14896087646582,115.55467374655593,157.93884813980048
124.24896087646583,115.65110871731896,157.93528311056352
124.34896087646584,115.74754536556101,157.93171975880557
124.44896087646583,115.84398368928682,157.92815808253138
124.54896087646583,115.94042368650501,157.9245980797496
124.64896087646584,116.03686535522814,157.92103974847268
124.74896087646584,116.13330869347257,157.9174830867171
124.84896087646584,116.22975369925857,157.9139280925031
124.94896087646583,116.32620037061027,157.91037476385483
125.04896087646584,116.42264870555564,157.90682309880017
125.14896087646585,116.51909870212648,157.903273095371
125.24896087646584,116.61555035835839,157.89972475160292
125.34896087646584,116.71200367229083,157.89617806553537
125.44896087646585,116.80845864196704,157.8926330352116
125.54896087646586,116.90491526543406,157.88908965867859
125.64896087646585,117.00137354074265,157.8855479339872
125.74896087646584,117.09783346594747,157.88200785919202
125.84896087646585,117.19429503910688,157.8784694323514
125.94896087646586,117.29075825828292,157.87493265152747
126.04896087646586,117.38722312154147,157.871397514786
126.14896087646585,117.48368962695211,157.86786402019666
126.24896087646586,117.58015777258815,157.86433216583268
126.34896087646587,117.67662755652658,157.86080194977112
126.44896087646586,117.77309897684812,157.85727337009266
126.54896087646586,117.86957203163718,157.8537464248817
126.64896087646586,117.96604671898186,157.85022111222636
126.74896087646587,118.06252303697391,157.8466974302184
126.84896087646587,118.15900098370874,157.84317537695324
126.94896087646586,118.25548055728541,157.83965495052996
127.04896087646587,118.3519617558067,157.8361361490512
127.14896087646588,118.44844457737892,157.83261897062343
127.24896087646587,118.54492902011204,157.82910341335653
127.34896087646587,118.64141508211966,157.82558947536418
127.44896087646588,118.73790276151897,157.82207715476346
127.54896087646588,118.83439205643076,157.81856644967525
127.64896087646588,118.93088296497936,157.81505735822387
127.74896087646587,119.02737548529275,157.81154987853728
127.84896087646588,119.12386961550249,157.80804400874698
127.94896087646589,119.22036535374356,157.80453974698804
128.04896087646588,119.31686269815458,157.80103709139908
128.14896087646588,119.41336164687776,157.79753604012225
128.2489608764659,119.50986219805877,157.79403659130324
128.3489608764659,119.60636434984674,157.79053874309125
128.4489608764659,119.70286810039443,157.78704249363892
128.54896087646588,119.79937344785803,157.78354784110252
128.64896087646588,119.89588039039725,157.78005478364173
128.7489608764659,119.99238892617527,157.77656331941975
128.8489608764659,120.0888990533587,157.77307344660318
128.9489608764659,120.1854107701177,157.7695851633622
129.0489608764659,120.28192407462583,157.76609846787028
129.1489608764659,120.37843896506006,157.76261335830452
129.2489608764659,120.47495543960086,157.75912983284533
129.3489608764659,120.5714734964321,157.7556478896766
129.4489608764659,120.66799313374109,157.75216752698557
129.5489608764659,120.76451434971854,157.748688742963
129.6489608764659,120.86103714255849,157.74521153580298
129.7489608764659,120.95756151045848,157.74173590370296
129.84896087646592,121.05408745161938,157.73826184486384
129.94896087646592,121.15061496424539,157.73478935748986
130.0489608764659,121.24714404654415,157.73131843978862
130.1489608764659,121.34367469672661,157.7278490899711
130.2489608764659,121.44020691300712,157.7243813062516
130.34896087646592,121.53674069360329,157.72091508684775
130.44896087646592,121.63327603673609,157.71745042998054
130.5489608764659,121.72981294062983,157.71398733387431
130.64896087646594,121.82635140351215,157.71052579675657
130.74896087646593,121.92289142361389,157.70706581685835
130.84896087646592,122.01943299916933,157.70360739241377
130.94896087646592,122.11597612841588,157.70015052166036
131.0489608764659,122.2125208095944,157.69669520283884
131.14896087646594,122.30906704094889,157.69324143419334
131.24896087646593,122.40561482072661,157.68978921397107
131.34896087646592,122.50216414717815,157.6863385404226
131.44896087646595,122.59871501855731,157.68288941180177
131.54896087646594,122.6952674331211,157.67944182636555
131.64896087646594,122.79182138912978,157.67599578237426
131.74896087646593,122.88837688484682,157.67255127809128
131.84896087646592,122.9849339185389,157.6691083117834
131.94896087646595,123.08149248847594,157.66566688172037
132.04896087646594,123.17805259293097,157.6622269861754
132.14896087646594,123.27461423018028,157.65878862342473
132.24896087646596,123.3711773985033,157.65535179174773
132.34896087646595,123.46774209618266,157.6519164894271
132.44896087646595,123.5643083215041,157.64848271474852
132.54896087646594,123.66087607275654,157.64505046600098
132.64896087646594,123.75744534823208,157.64161974147652
132.74896087646596,123.85401614622594,157.63819053947037
132.84896087646595,123.95058846503639,157.63476285828082
132.94896087646595,124.0471623029649,157.63133669620933
133.04896087646597,124.1437376583161,157.62791205156051
133.14896087646596,124.24031452939755,157.62448892264197
133.24896087646596,124.33689291452008,157.62106730776452
133.34896087646595,124.43347281199752,157.61764720524198
133.44896087646595,124.53005422014687,157.6142286133913
133.54896087646597,124.62663713728804,157.6108115305325
133.64896087646596,124.72322156174418,157.6073959549886
133.74896087646596,124.81980749184135,157.60398188508577
133.84896087646598,124.9163949259088,157.6005693191532
133.94896087646597,125.0129838622787,157.5971582555231
134.04896087646597,125.10957429928628,157.5937486925307
134.14896087646596,125.2061662352699,157.59034062851433
134.24896087646596,125.3027596685708,157.5869340618152
134.34896087646598,125.3993545975333,157.5835289907777
134.44896087646597,125.49595102050472,157.58012541374913
134.54896087646597,125.59254893583537,157.57672332907975
134.648960876466,125.68914834187852,157.57332273512293
134.748960876466,125.78574923699045,157.56992363023485
134.84896087646598,125.88235161953044,157.56652601277486
134.94896087646597,125.97895548786067,157.56312988110506
135.04896087646597,126.07556084034631,157.55973523359071
135.148960876466,126.17216767535552,157.55634206859992
135.248960876466,126.26877599125935,157.55295038450373
135.34896087646598,126.36538578643176,157.54956017967618
135.448960876466,126.46199705924974,157.54617145249412
135.548960876466,126.5586098080931,157.5427842013375
135.648960876466,126.65522403134457,157.53939842458897
135.748960876466,126.75183972738989,157.5360141206343
135.84896087646598,126.8484568946176,157.532631287862
135.948960876466,126.94507553141916,157.52924992466353
136.048960876466,127.04169563618888,157.52587002943326
136.148960876466,127.13831720732402,157.5224916005684
136.24896087646601,127.23494024322467,157.51911463646903
136.348960876466,127.33156474229375,157.51573913553813
136.448960876466,127.42819070293709,157.51236509618147
136.548960876466,127.52481812356332,157.5089925168077
136.648960876466,127.62144700258398,157.50562139582837
136.74896087646601,127.71807733841341,157.5022517316578
136.848960876466,127.81470912946872,157.4988835227131
136.948960876466,127.91134237416989,157.49551676741427
137.04896087646603,128.00797707093977,157.49215146418413
137.14896087646602,128.10461321820387,157.48878761144823
137.24896087646601,128.20125081439065,157.48542520763505
137.348960876466,128.2978898579313,157.4820642511757
137.448960876466,128.3945303472598,157.47870474050418
137.54896087646603,128.49117228081286,157.47534667405722
137.64896087646602,128.58781565703003,157.47199005027437
137.74896087646601,128.68446047435359,157.46863486759796
137.84896087646604,128.78110673122862,157.46528112447297
137.94896087646603,128.87775442610285,157.4619288193472
138.04896087646603,128.97440355742688,157.45857795067124
138.14896087646602,129.07105412365397,157.45522851689836
138.24896087646601,129.16770612324012,157.4518805164845
138.34896087646604,129.2643595546441,157.44853394788845
138.44896087646603,129.36101441632732,157.44518880957168
138.54896087646603,129.45767070675396,157.44184509999832
138.64896087646605,129.55432842439086,157.4385028176352
138.74896087646604,129.65098756770763,157.43516196095194
138.84896087646604,129.74764813517643,157.4318225284208
138.94896087646603,129.8443101252723,157.42848451851665
139.04896087646603,129.9409735364728,157.42514792971716
139.14896087646605,130.03763836725824,157.42181276050258
139.24896087646604,130.13430461611154,157.41847900935588
139.34896087646604,130.23097228151832,157.41514667476267
139.44896087646606,130.32764136196684,157.41181575521117
139.54896087646605,130.42431185594802,157.40848624919232
139.64896087646605,130.52098376195534,157.40515815519967
139.74896087646604,130.617657078485,157.4018314717293
139.84896087646604,130.7143318040358,157.39850619728014
139.94896087646606,130.81100793710922,157.39518233035355
140.04896087646605,130.9076854762092,157.39185986945353
140.14896087646605,131.0043644198424,157.3885388130867
140.24896087646607,131.10104476651807,157.38521915976239
140.34896087646607,131.197726514748,157.3819009079923
140.44896087646606,131.29440966304662,157.37858405629095
140.54896087646605,131.391094209931,157.3752686031753
140.64896087646605,131.4877801539206,157.37195454716493
140.74896087646607,131.58446749353766,157.36864188678194
140.84896087646607,131.6811562273068,157.3653306205511
140.94896087646606,131.77784635375528,157.3620207469996
141.04896087646608,131.87453787141297,157.35871226465727
141.14896087646608,131.97123077881218,157.3554051720565
141.24896087646607,132.06792507448782,157.35209946773213
141.34896087646607,132.16462075697726,157.34879515022158
141.44896087646606,132.2613178248205,157.34549221806483
141.54896087646608,132.35801627656005,157.3421906698043
141.64896087646608,132.45471611074075,157.33889050398506
141.74896087646607,132.55141732591017,157.33559171915448
141.8489608764661,132.6481199206183,157.3322943138626
141.9489608764661,132.7448238934176,157.3289982866619
142.04896087646608,132.84152924286306,157.32570363610736
142.14896087646608,132.9382359675121,157.3224103607564
142.24896087646607,133.03494406592466,157.31911845916898
142.3489608764661,133.1316535366632,157.31582792990747
142.4489608764661,133.2283643782925,157.3125387715368
142.54896087646608,133.32507658937993,157.30925098262423
142.6489608764661,133.4217901684953,157.3059645617396
142.7489608764661,133.51850511421077,157.30267950745505
142.8489608764661,133.61522142510103,157.29939581834532
142.9489608764661,133.7119390997432,157.2961134929875
143.04896087646608,133.80865813671682,157.29283252996112
143.1489608764661,133.90537853460387,157.28955292784815
143.2489608764661,134.00210029198865,157.28627468523294
143.3489608764661,134.098823407458,157.2829978007023
143.44896087646612,134.19554787960115,157.27972227284548
143.5489608764661,134.29227370700966,157.27644810025393
143.6489608764661,134.3890008882775,157.2731752815218
143.7489608764661,134.48572942200113,157.2699038152454
143.8489608764661,134.58245930677924,157.26663370002353
143.94896087646612,134.67919054121302,157.2633649344573
144.0489608764661,134.77592312390595,157.26009751715023
144.1489608764661,134.87265705346397,157.25683144670828
144.24896087646613,134.96939232849533,157.25356672173962
144.34896087646612,135.0661289476106,157.25030334085486
144.44896087646612,135.16286690942272,157.247041302667
144.5489608764661,135.25960621254703,157.2437806057913
144.6489608764661,135.35634685560115,157.24052124884543
144.74896087646613,135.4530888372051,157.23726323044934
144.84896087646612,135.5498321559811,157.23400654922537
144.94896087646612,135.64657681055385,157.23075120379812
145.04896087646614,135.74332279955024,157.22749719279454
145.14896087646613,135.8400701215996,157.22424451484386
145.24896087646613,135.93681877533342,157.22099316857765
145.34896087646612,136.03356875938553,157.2177431526298
145.44896087646612,136.13032007239218,157.21449446563645
145.54896087646614,136.22707271299183,157.2112471062361
145.64896087646613,136.32382667982512,157.20800107306937
145.74896087646613,136.42058197153514,157.20475636477937
145.84896087646615,136.51733858676712,157.2015129800114
145.94896087646615,136.61409652416867,157.1982709174129
146.04896087646614,136.7108557823896,157.1950301756338
146.14896087646613,136.8076163600819,157.1917907533262
146.24896087646613,136.90437825590004,157.18855264914433
146.34896087646615,137.00114146850055,157.18531586174484
146.44896087646615,137.09790599654227,157.1820803897865
146.54896087646614,137.19467183868616,157.1788462319304
146.64896087646616,137.29143899359565,157.17561338683987
146.74896087646616,137.38820745993615,157.1723818531804
146.84896087646615,137.4849772363755,157.16915162961973
146.94896087646615,137.58174832158358,157.16592271482781
147.04896087646614,137.6785207142326,157.1626951074768
147.14896087646616,137.7752944129969,157.15946880624114
147.24896087646616,137.8720694165531,157.15624380979733
147.34896087646615,137.96884572357996,157.1530201168242
147.44896087646617,138.06562333275843,157.14979772600265
147.54896087646617,138.16240224277166,157.14657663601588
147.64896087646616,138.259182452305,157.14335684554922
147.74896087646616,138.35596396004595,157.14013835329015
147.84896087646615,138.4527467646842,157.1369211579284
147.94896087646617,138.5495308649116,157.1337052581558
148.04896087646617,138.6463162594221,157.13049065266628
148.14896087646616,138.7431029469119,157.12727734015613
148.24896087646619,138.83989092607936,157.12406531932353
148.34896087646618,138.93668019562483,157.12085458886904
148.44896087646617,139.03347075425097,157.11764514749518
148.54896087646617,139.13026260066255,157.11443699390676
148.64896087646616,139.22705573356637,157.1112301268106
148.74896087646619,139.32385015167148,157.10802454491568
148.84896087646618,139.42064585368897,157.10482024693317
148.94896087646617,139.51744283833204,157.10161723157626
149.0489608764662,139.61424110431608,157.0984154975603
149.1489608764662,139.7110406503585,157.0952150436027
149.24896087646619,139.8078414751789,157.0920158684231
149.34896087646618,139.90464357749883,157.08881797074304
149.44896087646617,140.00144695604217,157.08562134928636
149.5489608764662,140.09825160953466,157.08242600277885
149.6489608764662,140.19505753670424,157.07923192994843
149.74896087646619,140.29186473628084,157.07603912952507
149.8489608764662,140.38867320699663,157.0728476002408
149.9489608764662,140.48548294758564,157.06965734082982
150.0489608764662,140.5822939567841,157.0664683500283
150.1489608764662,140.6791062333303,157.06328062657448
150.24896087646619,140.77591977596452,157.0600941692087
150.3489608764662,140.87273458342912,157.0569089766733
150.4489608764662,140.9695506544685,157.05372504771267
150.5489608764662,141.06636798782912,157.0505423810733
150.64896087646622,141.16318658225944,157.04736097550364
150.7489608764662,141.26000643651,157.04418082975417
150.8489608764662,141.3568275493333,157.04100194257748
150.9489608764662,141.45364991948395,157.03782431272813
151.0489608764662,141.55047354571846,157.03464793896268
151.14896087646622,141.64729842679554,157.0314728200397
151.2489608764662,141.74412456147564,157.02829895471987
151.3489608764662,141.8409519485215,157.02512634176566
151.44896087646623,141.93778058669767,157.02195497994182
151.54896087646623,142.03461047477072,157.01878486801488
151.64896087646622,142.13144161150925,157.0156160047534
151.7489608764662,142.22827399568382,157.012448388928
151.8489608764662,142.32510762606705,157.00928201931123
151.94896087646623,142.42194250143345,157.0061168946776
152.04896087646623,142.51877862055952,157.00295301380368
152.14896087646622,142.6156159822237,156.99979037546785
152.24896087646624,142.7124545852065,156.99662897845064
152.34896087646624,142.80929442829023,156.99346882153438
152.44896087646623,142.90613551025928,156.99030990350343
152.54896087646623,143.00297782989998,156.9871522231441
152.64896087646622,143.0998213860005,156.98399577924468
152.74896087646624,143.19666617735118,156.98084057059532
152.84896087646624,143.293512202744,156.97768659598816
152.94896087646623,143.39035946097312,156.97453385421727
153.04896087646625,143.4872079508345,156.9713823440786
153.14896087646625,143.58405767112598,156.9682320643701
153.24896087646624,143.68090862064744,156.96508301389161
153.34896087646624,143.7777607982007,156.96193519144484
153.44896087646623,143.87461420258936,156.9587885958335
153.54896087646625,143.971468832619,156.95564322586313
153.64896087646625,144.0683246870971,156.95249908034123
153.74896087646624,144.16518176483302,156.94935615807717
153.84896087646626,144.26204006463803,156.94621445788218
153.94896087646626,144.3588995853253,156.94307397856943
154.04896087646625,144.45576032570986,156.939934718954
154.14896087646625,144.55262228460865,156.93679667785275
154.24896087646624,144.64948546084042,156.93365985408457
154.34896087646626,144.74634985322595,156.93052424647004
154.44896087646626,144.84321546058766,156.9273898538318
154.54896087646625,144.94008228175008,156.9242566749942
154.64896087646628,145.03695031553943,156.92112470878357
154.74896087646627,145.13381956078382,156.91799395402793
154.84896087646626,145.23069001631328,156.9148644095574
154.94896087646626,145.32756168095958,156.91173607420373
155.04896087646625,145.4244345535565,156.90860894680063
155.14896087646628,145.5213086329395,156.90548302618362
155.24896087646627,145.6181839179459,156.90235831119
155.34896087646626,145.7150604074149,156.89923480065906
155.4489608764663,145.81193810018766,156.89611249343176
155.54896087646628,145.9088169951068,156.8929913883509
155.64896087646628,146.00569709101714,156.88987148426125
155.74896087646627,146.10257838676506,156.88675278000918
155.84896087646626,146.19946088119897,156.88363527444307
155.9489608764663,146.29634457316885,156.88051896641298
156.04896087646628,146.39322946152672,156.87740385477082
156.14896087646628,146.49011554512617,156.87428993837028
156.2489608764663,146.58700282282283,156.8711772160669
156.3489608764663,146.68389129347386,156.86806568671796
156.4489608764663,146.78078095593847,156.86495534918257
156.54896087646628,146.87767180907744,156.86184620232157
156.64896087646628,146.97456385175352,156.85873824499762
156.7489608764663,147.07145708283107,156.85563147607516
156.8489608764663,147.1683515011763,156.85252589442038
156.9489608764663,147.2652471056572,156.84942149890128
157.0489608764663,147.3621438951435,156.84631828838758
157.1489608764663,147.4590418685067,156.8432162617508
157.2489608764663,147.55594102462004,156.84011541786413
157.3489608764663,147.6528413623586,156.8370157556027
157.4489608764663,147.74974288059906,156.83391727384318
157.5489608764663,147.84664557822006,156.83081997146414
157.6489608764663,147.94354945410169,156.8277238473458
157.7489608764663,148.04045450712604,156.82462890037013
157.84896087646632,148.13736073617684,156.8215351294209
157.94896087646632,148.23426814013953,156.8184425333836
158.0489608764663,148.3311767179013,156.81535111114536
158.1489608764663,148.42808646835104,156.81226086159512
158.2489608764663,148.5249973903794,156.8091717836235
158.34896087646632,148.6219094828788,156.80608387612287
158.44896087646632,148.7188227447432,156.80299713798726
158.5489608764663,148.8157371748684,156.79991156811244
158.64896087646633,148.9126527721519,156.79682716539594
158.74896087646633,149.00956953549286,156.79374392873692
158.84896087646632,149.10648746379212,156.79066185703618
158.94896087646632,149.20340655595234,156.7875809491964
159.0489608764663,149.30032681087775,156.78450120412182
159.14896087646633,149.39724822747428,156.78142262071833
159.24896087646633,149.49417080464957,156.77834519789363
159.34896087646632,149.59109454131294,156.775268934557
159.44896087646634,149.68801943637536,156.77219382961943
159.54896087646634,149.78494548874954,156.76911988199356
159.64896087646633,149.88187269734973,156.76604709059382
159.74896087646633,149.97880106109204,156.7629754543361
159.84896087646632,150.07573057889405,156.75990497213812
159.94896087646634,150.17266124967514,156.75683564291919
160.04896087646634,150.2695930723562,156.75376746560025
160.14896087646633,150.3665260458599,156.75070043910395
160.24896087646636,150.46346016911056,156.74763456235456
160.34896087646635,150.56039544103402,156.74456983427805
160.44896087646634,150.65733186055786,156.7415062538019
160.54896087646634,150.7542694266113,156.73844381985535
160.64896087646633,150.85120813812514,156.73538253136923
160.74896087646636,150.94814799403193,156.73232238727596
160.84896087646635,151.04508899326564,156.7292633865097
160.94896087646634,151.14203113476208,156.7262055280061
161.04896087646637,151.23897441745848,156.7231488107025
161.14896087646636,151.33591884029386,156.72009323353788
161.24896087646636,151.43286440220874,156.71703879545277
161.34896087646635,151.52981110214535,156.71398549538938
161.44896087646634,151.6267589390474,156.71093333229143
161.54896087646637,151.72370791186034,156.70788230510436
161.64896087646636,151.82065801953107,156.7048324127751
161.74896087646636,151.91760926100824,156.70178365425227
161.84896087646638,152.014561635242,156.698736028486
161.94896087646637,152.11151514118407,156.69568953442808
162.04896087646637,152.20846977778785,156.69264417103187
162.14896087646636,152.30542554400822,156.68959993725224
162.24896087646636,152.40238243880168,156.68655683204574
162.34896087646638,152.49934046112642,156.68351485437043
162.44896087646637,152.59629960994198,156.68047400318605
162.54896087646637,152.69325988420965,156.67743427745367
162.6489608764664,152.79022128289222,156.6743956761362
162.74896087646638,152.88718380495396,156.67135819819794
162.84896087646638,152.98414744936088,156.66832184260488
162.94896087646637,153.0811122150804,156.66528660832438
163.04896087646637,153.17807810108155,156.66225249432557
163.1489608764664,153.27504510633497,156.65921949957897
163.24896087646638,153.3720132298127,156.6561876230567
163.34896087646638,153.46898247048838,156.6531568637324
163.4489608764664,153.56595282733733,156.65012722058134
163.5489608764664,153.6629242993362,156.6470986925802
163.6489608764664,153.75989688546326,156.64407127870726
163.74896087646638,153.85687058469838,156.64104497794236
163.84896087646638,153.95384539602284,156.63801978926682
163.9489608764664,154.0508213184195,156.6349957116635
164.0489608764664,154.1477983508728,156.63197274411672
164.1489608764664,154.2447764923685,156.62895088561248
164.2489608764664,154.3417557418941,156.62593013513808
164.3489608764664,154.43873609843854,156.62291049168252
164.4489608764664,154.53571756099223,156.6198919542362
164.5489608764664,154.63270012854704,156.61687452179103
164.6489608764664,154.72968380009647,156.61385819334046
164.7489608764664,154.82666857463548,156.61084296787945
164.8489608764664,154.92365445116042,156.6078288444044
164.9489608764664,155.02064142866928,156.60481582191323
165.04896087646642,155.11762950616142,156.60180389940538
165.14896087646642,155.2146186826378,156.59879307588173
165.2489608764664,155.3116089571007,156.59578335034465
165.3489608764664,155.40860032855406,156.59277472179804
165.4489608764664,155.5055927960032,156.5897671892472
165.54896087646642,155.602586358455,156.586760751699
165.64896087646642,155.69958101491767,156.58375540816164
165.7489608764664,155.79657676440092,156.5807511576449
165.84896087646644,155.8935736059161,156.57774799916004
165.94896087646643,155.99057153847576,156.57474593171972
166.04896087646642,156.0875705610941,156.57174495433807
166.14896087646642,156.1845706727867,156.56874506603066
166.2489608764664,156.28157187257062,156.5657462658146
166.34896087646644,156.3785741594644,156.56274855270834
166.44896087646643,156.47557753248788,156.55975192573183
166.54896087646642,156.5725819906625,156.55675638390647
166.64896087646645,156.66958753301114,156.55376192625508
166.74896087646644,156.766594158558,156.55076855180195
166.84896087646644,156.86360186632882,156.54777625957274
166.94896087646643,156.96061065535068,156.54478504859463
167.04896087646642,157.05762052465224,156.54179491789617
167.14896087646645,157.15463147326338,156.53880586650732
167.24896087646644,157.2516435002156,156.53581789345958
167.34896087646644,157.3486566045417,156.53283099778565
167.44896087646646,157.44567078527598,156.5298451785199
167.54896087646645,157.54268604145403,156.52686043469797
167.64896087646645,157.63970237211294,156.52387676535687
167.74896087646644,157.73671977629127,156.5208941695352
167.84896087646644,157.83373825302883,156.51791264627278
167.94896087646646,157.93075780136698,156.5149321946109
168.04896087646645,158.02777842034837,156.5119528135923
168.14896087646645,158.12480010901714,156.50897450226108
168.24896087646647,158.22182286641873,156.50599725966268
168.34896087646646,158.31884669160007,156.503021084844
168.44896087646646,158.4158715836094,156.5000459768533
168.54896087646645,158.51289754149636,156.4970719347403
168.64896087646645,158.60992456431205,156.49409895755596
168.74896087646647,158.70695265110882,156.4911270443528
168.84896087646646,158.80398180094056,156.48815619418446
168.94896087646646,158.90101201286234,156.48518640610627
169.04896087646648,158.99804328593078,156.48221767917468
169.14896087646648,159.09507561920375,156.47925001244764
169.24896087646647,159.1921090117405,156.47628340498443
169.34896087646646,159.2891434626018,156.47331785584572
169.44896087646646,159.38617897084953,156.47035336409346
169.54896087646648,159.48321553554712,156.46738992879102
169.64896087646648,159.58025315575927,156.46442754900318
169.74896087646647,159.67729183055206,156.46146622379598
169.8489608764665,159.7743315589929,156.4585059522368
169.9489608764665,159.87137234015057,156.45554673339447
170.04896087646648,159.9684141730952,156.45258856633913
170.14896087646648,160.06545705689823,156.44963145014214
170.24896087646647,160.16250099063245,156.44667538387634
170.3489608764665,160.25954597337198,156.4437203666159
170.4489608764665,160.35659200419235,156.44076639743625
170.54896087646648,160.45363908217024,156.43781347541415
170.6489608764665,160.55068720638394,156.43486159962782
170.7489608764665,160.64773637591276,156.43191076915664
170.8489608764665,160.74478658983756,156.42896098308145
170.9489608764665,160.84183784724036,156.42601224048425
171.04896087646648,160.93889014720466,156.42306454044854
171.1489608764665,161.03594348881512,156.42011788205903
171.2489608764665,161.13299787115784,156.41717226440173
171.3489608764665,161.23005329332014,156.41422768656403
171.44896087646651,161.32710975439068,156.41128414763455
171.5489608764665,161.42416725345942,156.4083416467033
171.6489608764665,161.5212257896176,156.40540018286148
171.7489608764665,161.61828536195785,156.4024597552017
171.8489608764665,161.71534596957397,156.3995203628179
171.94896087646651,161.8124076115612,156.39658200480508
172.0489608764665,161.90947028701592,156.3936446802598
172.1489608764665,162.00653399503582,156.39070838827976
172.24896087646653,162.1035987347201,156.38777312796395
172.34896087646652,162.2006645051689,156.38483889841277
172.44896087646651,162.29773130548386,156.38190569872773
172.5489608764665,162.39479913476788,156.37897352801176
172.6489608764665,162.49186799212507,156.37604238536898
172.74896087646653,162.5889378766609,156.37311226990477
172.84896087646652,162.68600878748202,156.3701831807259
172.94896087646651,162.7830807236964,156.36725511694027
173.04896087646654,162.88015368441327,156.36432807765712
173.14896087646653,162.9772276687431,156.36140206198692
173.24896087646653,163.07430267579764,156.3584770690415
173.34896087646652,163.17137870468994,156.3555530979338
173.44896087646651,163.26845575453424,156.35263014777811
173.54896087646654,163.36553382444612,156.34970821768997
173.64896087646653,163.46261291354224,156.3467873067861
173.74896087646653,163.55969302094067,156.34386741418456
173.84896087646655,163.6567741457608,156.34094853900461
173.94896087646654,163.75385628712297,156.33803068036678
174.04896087646654,163.850939444149,156.33511383739284
174.14896087646653,163.94802361596186,156.3321980092057
174.24896087646653,164.0451088016858,156.32928319492967
174.34896087646655,164.14219500044632,156.3263693936902
174.44896087646654,164.23928221137012,156.32345660461394
174.54896087646654,164.33637043358502,156.32054482682886
174.64896087646656,164.4334596662203,156.3176340594641
174.74896087646655,164.53054990840624,156.31472430165007
174.84896087646655,164.62764115927448,156.3118155525183
174.94896087646654,164.72473341795785,156.3089078112017
175.04896087646654,164.8218266835904,156.30600107683424
175.14896087646656,164.91892095530736,156.30309534855118
175.24896087646655,165.01601623224514,156.30019062548897
175.34896087646655,165.1131125135415,156.29728690678533
175.44896087646657,165.2102097983353,156.29438419157913
175.54896087646657,165.30730808576664,156.29148247901045
175.64896087646656,165.40440737497673,156.28858176822058
175.74896087646655,165.50150766510816,156.285682058352
175.84896087646655,165.5986089553046,156.28278334854843
175.94896087646657,165.6957112447109,156.27988563795472
176.04896087646657,165.79281453247322,156.27698892571703
176.14896087646656,165.8899188177387,156.27409321098253
176.24896087646658,165.98702409965594,156.27119849289974
176.34896087646658,166.0841303773745,156.26830477061833
176.44896087646657,166.18123765004523,156.26541204328907
176.54896087646657,166.2783459168202,156.26252031006402
176.64896087646656,166.3754551768525,156.25962957009637
176.74896087646658,166.47256542929668,156.25673982254048
176.84896087646658,166.56967667330807,156.25385106655187
176.94896087646657,166.66678890804354,156.25096330128738
177.0489608764666,166.763902132661,156.24807652590476
177.1489608764666,166.86101634631942,156.2451907395632
177.24896087646658,166.958131548179,156.24230594142284
177.34896087646658,167.0552477374013,156.2394221306451
177.44896087646657,167.1523649131487,156.2365393063925
177.5489608764666,167.24948307458507,156.23365746782883
177.6489608764666,167.3466022208751,156.23077661411892
177.74896087646658,167.44372235118496,156.22789674442876
177.8489608764666,167.5408434646818,156.2250178579256
177.9489608764666,167.63796556053393,156.2221399537777
178.0489608764666,167.73508863791082,156.21926303115464
178.1489608764666,167.83221269598315,156.21638708922694
178.24896087646658,167.92933773392258,156.21351212716638
178.3489608764666,168.02646375090217,156.21063814414595
178.4489608764666,168.12359074609583,156.2077651393396
178.5489608764666,168.22071871867882,156.20489311192262
178.64896087646662,168.3178476678275,156.20202206107126
178.7489608764666,168.41497759271923,156.199151985963
178.8489608764666,168.51210849253266,156.19628288577644
178.9489608764666,168.6092403664475,156.19341475969128
179.0489608764666,168.70637321364458,156.19054760688837
179.14896087646662,168.8035070333059,156.18768142654966
179.2489608764666,168.90064182461447,156.18481621785827
179.3489608764666,168.9977775867546,156.1819519799984
179.44896087646663,169.09491431891158,156.17908871215533
179.54896087646662,169.1920520202718,156.1762264135156
179.64896087646662,169.2891906900229,156.17336508326667
179.7489608764666,169.3863303273535,156.17050472059728
179.8489608764666,169.48347093145338,156.1676453246972
179.94896087646663,169.5806125015135,156.16478689475727
180.04896087646662,169.67775503672576,156.16192942996952
180.14896087646662,169.77489853628325,156.15907292952704
180.24896087646664,169.87204299938026,156.156217392624
180.34896087646663,169.96918842521202,156.15336281845578
180.44896087646663,170.0663348129749,156.15050920621863
180.54896087646662,170.16348216186643,156.1476565551102
180.64896087646662,170.26063047108514,156.1448048643289
180.74896087646664,170.3577797398308,156.14195413307453
180.84896087646663,170.45492996730403,156.13910436054778
180.94896087646663,170.5520811527068,156.13625554595058
181.04896087646665,170.649233295242,156.13340768848573
181.14896087646665,170.74638639411359,156.13056078735735
181.24896087646664,170.84354044852674,156.12771484177046
181.34896087646663,170.94069545768755,156.1248698509313
181.44896087646663,171.0378514208033,156.12202581404705
181.54896087646665,171.13500833708238,156.11918273032612
181.64896087646665,171.23216620573405,156.11634059897779
181.74896087646664,171.32932502596887,156.1134994192126
181.84896087646666,171.42648479699832,156.11065919024205
181.94896087646666,171.52364551803504,156.1078199112788
182.04896087646665,171.62080718829267,156.1049815815364
182.14896087646665,171.71796980698593,156.10214420022967
182.24896087646664,171.81513337333064,156.09930776657436
182.34896087646666,171.91229788654357,156.09647227978732
182.44896087646666,172.00946334584273,156.09363773908643
182.54896087646665,172.10662975044696,156.09080414369066
182.64896087646667,172.20379709957635,156.08797149282003
182.74896087646667,172.30096539245187,156.08513978569556
182.84896087646666,172.39813462829568,156.0823090215394
182.94896087646666,172.49530480633092,156.07947919957465
183.04896087646665,172.5924759257818,156.07665031902553
183.14896087646667,172.68964798587356,156.07382237911727
183.24896087646667,172.78682098583243,156.07099537907615
183.34896087646666,172.88399492488577,156.06816931812952
183.44896087646669,172.98116980226195,156.06534419550567
183.54896087646668,173.07834561719034,156.06252001043404
183.64896087646667,173.17552236890128,156.059696762145
183.74896087646667,173.27270005662632,156.05687444987004
183.84896087646666,173.36987867959792,156.0540530728416
183.94896087646669,173.46705823704954,156.05123263029327
184.04896087646668,173.5642387282158,156.0484131214595
184.14896087646667,173.66142015233214,156.04559454557585
184.2489608764667,173.75860250863525,156.04277690187894
184.3489608764667,173.8557857963626,156.0399601896063
184.44896087646669,173.9529700147529,156.0371444079966
184.54896087646668,174.05015516304576,156.03432955628944
184.64896087646667,174.14734124048178,156.0315156337255
184.7489608764667,174.24452824630268,156.02870263954637
184.8489608764667,174.34171617975105,156.02589057299474
184.94896087646669,174.4389050400706,156.0230794333143
185.0489608764667,174.53609482650603,156.0202692197497
185.1489608764667,174.63328553830294,156.01745993154663
185.2489608764667,174.73047717470808,156.01465156795177
185.3489608764667,174.82766973496913,156.0118441282128
185.44896087646669,174.92486321833474,156.00903761157844
185.5489608764667,175.02205762405464,156.00623201729832
185.6489608764667,175.11925295137945,156.00342734462313
185.7489608764667,175.21644919956088,156.00062359280457
185.84896087646672,175.31364636785156,155.9978207610952
185.9489608764667,175.41084445550513,155.9950188487488
186.0489608764667,175.50804346177623,155.9922178550199
186.1489608764667,175.60524338592052,155.9894177791642
186.2489608764667,175.70244422719458,155.98661862043824
186.34896087646672,175.799645984856,155.98382037809967
186.4489608764667,175.89684865816326,155.981023051407
186.5489608764667,175.99405224637607,155.97822663961978
186.64896087646673,176.09125674875492,155.97543114199854
186.74896087646673,176.18846216456117,155.97263655780486
186.84896087646672,176.28566849305741,155.96984288630108
186.9489608764667,176.38287573350703,155.96705012675073
187.0489608764667,176.4800838851745,155.96425827841819
187.14896087646673,176.5772929473252,155.96146734056884
187.24896087646673,176.67450291922538,155.95867731246904
187.34896087646672,176.7717138001424,155.95588819338607
187.44896087646674,176.8689255893446,155.95309998258824
187.54896087646674,176.96613828610114,155.9503126793448
187.64896087646673,177.06335188968222,155.94752628292588
187.74896087646673,177.16056639935903,155.9447407926027
187.84896087646672,177.25778181440361,155.94195620764728
187.94896087646674,177.35499813408913,155.93917252733277
188.04896087646674,177.45221535768945,155.93638975093307
188.14896087646673,177.54943348447964,155.93360787772326
188.24896087646675,177.64665251373557,155.9308269069792
188.34896087646675,177.7438724447341,155.92804683797775
188.44896087646674,177.84109327675304,155.9252676699967
188.54896087646674,177.93831500907115,155.9224894023148
188.64896087646673,178.0355376409681,155.91971203421173
188.74896087646675,178.13276117172452,155.91693556496816
188.84896087646675,178.22998560062194,155.91415999386558
188.94896087646674,178.3272109269429,155.91138532018655
189.04896087646677,178.42443714997088,155.9086115432145
189.14896087646676,178.52166426899015,155.90583866223378
189.24896087646675,178.61889228328604,155.9030666765297
189.34896087646675,178.71612119214487,155.90029558538848
189.44896087646674,178.81335099485366,155.8975253880973
189.54896087646677,178.9105816907006,155.89475608394423
189.64896087646676,179.00781327897465,155.89198767221828
189.74896087646675,179.10504575896576,155.8892201522094
189.84896087646678,179.2022791299648,155.88645352320842
189.94896087646677,179.2995133912635,155.88368778450712
190.04896087646677,179.39674854215457,155.8809229353982
190.14896087646676,179.49398458193167,155.8781589751753
190.24896087646675,179.5912215098892,155.87539590313284
190.34896087646678,179.68845932532275,155.87263371856636
190.44896087646677,179.78569802752855,155.86987242077217
190.54896087646677,179.8829376158039,155.86711200904753
190.6489608764668,179.980178089447,155.8643524826906
190.74896087646678,180.07741944775682,155.86159384100043
190.84896087646678,180.17466169003345,155.85883608327703
190.94896087646677,180.2719048155777,155.8560792088213
191.04896087646677,180.36914882369135,155.85332321693497
191.1489608764668,180.46639371367715,155.85056810692075
191.24896087646678,180.56363948483857,155.84781387808218
191.34896087646678,180.6608861364802,155.8450605297238
191.4489608764668,180.75813366790737,155.84230806115096
191.5489608764668,180.85538207842632,155.8395564716699
191.6489608764668,180.95263136734422,155.83680576058782
191.74896087646678,181.0498815339691,155.8340559272127
191.84896087646678,181.14713257760994,155.83130697085352
191.9489608764668,181.24438449757653,155.82855889082015
192.0489608764668,181.3416372931796,155.8258116864232
192.1489608764668,181.43889096373073,155.8230653569743
192.2489608764668,181.5361455085424,155.820319901786
192.3489608764668,181.633400926928,155.81757532017153
192.4489608764668,181.73065721820166,155.81483161144521
192.5489608764668,181.8279143816786,155.8120887749222
192.6489608764668,181.92517241667474,155.80934680991837
192.7489608764668,182.02243132250703,155.8066057157506
192.8489608764668,182.11969109849312,155.80386549173667
192.9489608764668,182.21695174395165,155.80112613719524
193.04896087646682,182.31421325820213,155.7983876514457
193.14896087646682,182.41147564056487,155.7956500338084
193.2489608764668,182.50873889036106,155.79291328360463
193.3489608764668,182.6060030069128,155.79017740015638
193.4489608764668,182.70326798954306,155.78744238278665
193.54896087646682,182.80053383757567,155.78470823081923
193.64896087646682,182.8978005503352,155.78197494357875
193.7489608764668,182.99506812714722,155.7792425203908
193.84896087646683,183.09233656733818,155.77651096058173
193.94896087646683,183.1896058702352,155.77378026347873
194.04896087646682,183.28687603516642,155.77105042841
194.14896087646682,183.3841470614608,155.76832145470436
194.2489608764668,183.48141894844815,155.76559334169173
194.34896087646683,183.57869169545913,155.76286608870268
194.44896087646683,183.67596530182513,155.7601396950687
194.54896087646682,183.77323976687862,155.75741416012218
194.64896087646684,183.8705150899528,155.7546894831963
194.74896087646684,183.96779127038153,155.75196566362507
194.84896087646683,184.06506830749984,155.7492427007434
194.94896087646683,184.16234620064338,155.74652059388694
195.04896087646682,184.25962494914876,155.7437993423923
195.14896087646684,184.35690455235334,155.74107894559688
195.24896087646684,184.45418500959536,155.73835940283888
195.34896087646683,184.55146632021388,155.73564071345743
195.44896087646686,184.64874848354881,155.73292287679234
195.54896087646685,184.74603149894082,155.7302058921844
195.64896087646684,184.84331536573157,155.7274897589751
195.74896087646684,184.9406000832634,155.72477447650695
195.84896087646683,185.03788565087953,155.7220600441231
195.94896087646686,185.13517206792406,155.71934646116756
196.04896087646685,185.23245933374176,155.7166337269853
196.14896087646684,185.32974744767836,155.71392184092193
